plant_id,problem_type,problem_name,symptom_short,prevention_short,when_to_watch,verification_status,confidence,source_ids
paradiznik,bolezen/fiziološka težava,krompirjeva/paradižnikova plesen,Potrebno dopolniti po IVR ali drugem strokovnem viru.,"Kolobar, zračnost, pravilno zalivanje, zdrave sadike/seme; prilagodi posamezni težavi.","vegetacija; bolj izrazito ob vlagi, vročini ali stresu, odvisno od težave",potrebno preveriti za produkcijo,srednja,IVR;MKGP_IPZ;VERIFY_NEEDED
paradiznik,bolezen/fiziološka težava,pepelasta plesen,Potrebno dopolniti po IVR ali drugem strokovnem viru.,"Kolobar, zračnost, pravilno zalivanje, zdrave sadike/seme; prilagodi posamezni težavi.","vegetacija; bolj izrazito ob vlagi, vročini ali stresu, odvisno od težave",potrebno preveriti za produkcijo,srednja,IVR;MKGP_IPZ;VERIFY_NEEDED
paradiznik,bolezen/fiziološka težava,pokanje plodov,Potrebno dopolniti po IVR ali drugem strokovnem viru.,"Kolobar, zračnost, pravilno zalivanje, zdrave sadike/seme; prilagodi posamezni težavi.","vegetacija; bolj izrazito ob vlagi, vročini ali stresu, odvisno od težave",potrebno preveriti za produkcijo,srednja,IVR;MKGP_IPZ;VERIFY_NEEDED
paradiznik,škodljivec,listne uši,Potrebno dopolniti po IVR ali prognostičnih obvestilih.,"Redno pregledovanje, mreže, kolobar, odstranjevanje močno poškodovanih delov; ukrepe preveri pri IVR.",od setve do obiranja; pogosteje v toplem delu sezone,potrebno preveriti za produkcijo,srednja,IVR;GOV_PROGNOZA;VERIFY_NEEDED
paradiznik,škodljivec,ščitkar,Potrebno dopolniti po IVR ali prognostičnih obvestilih.,"Redno pregledovanje, mreže, kolobar, odstranjevanje močno poškodovanih delov; ukrepe preveri pri IVR.",od setve do obiranja; pogosteje v toplem delu sezone,potrebno preveriti za produkcijo,srednja,IVR;GOV_PROGNOZA;VERIFY_NEEDED
paradiznik,škodljivec,strune,Potrebno dopolniti po IVR ali prognostičnih obvestilih.,"Redno pregledovanje, mreže, kolobar, odstranjevanje močno poškodovanih delov; ukrepe preveri pri IVR.",od setve do obiranja; pogosteje v toplem delu sezone,potrebno preveriti za produkcijo,srednja,IVR;GOV_PROGNOZA;VERIFY_NEEDED
paprika,bolezen/fiziološka težava,siva plesen,Potrebno dopolniti po IVR ali drugem strokovnem viru.,"Kolobar, zračnost, pravilno zalivanje, zdrave sadike/seme; prilagodi posamezni težavi.","vegetacija; bolj izrazito ob vlagi, vročini ali stresu, odvisno od težave",potrebno preveriti za produkcijo,srednja,IVR;MKGP_IPZ;VERIFY_NEEDED
paprika,bolezen/fiziološka težava,bakterijske pegavosti,Potrebno dopolniti po IVR ali drugem strokovnem viru.,"Kolobar, zračnost, pravilno zalivanje, zdrave sadike/seme; prilagodi posamezni težavi.","vegetacija; bolj izrazito ob vlagi, vročini ali stresu, odvisno od težave",potrebno preveriti za produkcijo,srednja,IVR;MKGP_IPZ;VERIFY_NEEDED
paprika,bolezen/fiziološka težava,fiziološke motnje,Potrebno dopolniti po IVR ali drugem strokovnem viru.,"Kolobar, zračnost, pravilno zalivanje, zdrave sadike/seme; prilagodi posamezni težavi.","vegetacija; bolj izrazito ob vlagi, vročini ali stresu, odvisno od težave",potrebno preveriti za produkcijo,srednja,IVR;MKGP_IPZ;VERIFY_NEEDED
paprika,škodljivec,listne uši,Potrebno dopolniti po IVR ali prognostičnih obvestilih.,"Redno pregledovanje, mreže, kolobar, odstranjevanje močno poškodovanih delov; ukrepe preveri pri IVR.",od setve do obiranja; pogosteje v toplem delu sezone,potrebno preveriti za produkcijo,srednja,IVR;GOV_PROGNOZA;VERIFY_NEEDED
paprika,škodljivec,resarji,Potrebno dopolniti po IVR ali prognostičnih obvestilih.,"Redno pregledovanje, mreže, kolobar, odstranjevanje močno poškodovanih delov; ukrepe preveri pri IVR.",od setve do obiranja; pogosteje v toplem delu sezone,potrebno preveriti za produkcijo,srednja,IVR;GOV_PROGNOZA;VERIFY_NEEDED
paprika,škodljivec,pršice,Potrebno dopolniti po IVR ali prognostičnih obvestilih.,"Redno pregledovanje, mreže, kolobar, odstranjevanje močno poškodovanih delov; ukrepe preveri pri IVR.",od setve do obiranja; pogosteje v toplem delu sezone,potrebno preveriti za produkcijo,srednja,IVR;GOV_PROGNOZA;VERIFY_NEEDED
cili,bolezen/fiziološka težava,siva plesen,Potrebno dopolniti po IVR ali drugem strokovnem viru.,"Kolobar, zračnost, pravilno zalivanje, zdrave sadike/seme; prilagodi posamezni težavi.","vegetacija; bolj izrazito ob vlagi, vročini ali stresu, odvisno od težave",potrebno preveriti za produkcijo,srednja,IVR;MKGP_IPZ;VERIFY_NEEDED
cili,bolezen/fiziološka težava,bakterijske pegavosti,Potrebno dopolniti po IVR ali drugem strokovnem viru.,"Kolobar, zračnost, pravilno zalivanje, zdrave sadike/seme; prilagodi posamezni težavi.","vegetacija; bolj izrazito ob vlagi, vročini ali stresu, odvisno od težave",potrebno preveriti za produkcijo,srednja,IVR;MKGP_IPZ;VERIFY_NEEDED
cili,škodljivec,listne uši,Potrebno dopolniti po IVR ali prognostičnih obvestilih.,"Redno pregledovanje, mreže, kolobar, odstranjevanje močno poškodovanih delov; ukrepe preveri pri IVR.",od setve do obiranja; pogosteje v toplem delu sezone,potrebno preveriti za produkcijo,srednja,IVR;GOV_PROGNOZA;VERIFY_NEEDED
cili,škodljivec,resarji,Potrebno dopolniti po IVR ali prognostičnih obvestilih.,"Redno pregledovanje, mreže, kolobar, odstranjevanje močno poškodovanih delov; ukrepe preveri pri IVR.",od setve do obiranja; pogosteje v toplem delu sezone,potrebno preveriti za produkcijo,srednja,IVR;GOV_PROGNOZA;VERIFY_NEEDED
cili,škodljivec,pršice,Potrebno dopolniti po IVR ali prognostičnih obvestilih.,"Redno pregledovanje, mreže, kolobar, odstranjevanje močno poškodovanih delov; ukrepe preveri pri IVR.",od setve do obiranja; pogosteje v toplem delu sezone,potrebno preveriti za produkcijo,srednja,IVR;GOV_PROGNOZA;VERIFY_NEEDED
kumare,bolezen/fiziološka težava,pepelasta plesen,Potrebno dopolniti po IVR ali drugem strokovnem viru.,"Kolobar, zračnost, pravilno zalivanje, zdrave sadike/seme; prilagodi posamezni težavi.","vegetacija; bolj izrazito ob vlagi, vročini ali stresu, odvisno od težave",potrebno preveriti za produkcijo,srednja,IVR;MKGP_IPZ;VERIFY_NEEDED
kumare,bolezen/fiziološka težava,peronospora,Potrebno dopolniti po IVR ali drugem strokovnem viru.,"Kolobar, zračnost, pravilno zalivanje, zdrave sadike/seme; prilagodi posamezni težavi.","vegetacija; bolj izrazito ob vlagi, vročini ali stresu, odvisno od težave",potrebno preveriti za produkcijo,srednja,IVR;MKGP_IPZ;VERIFY_NEEDED
kumare,bolezen/fiziološka težava,koreninske gnilobe,Potrebno dopolniti po IVR ali drugem strokovnem viru.,"Kolobar, zračnost, pravilno zalivanje, zdrave sadike/seme; prilagodi posamezni težavi.","vegetacija; bolj izrazito ob vlagi, vročini ali stresu, odvisno od težave",potrebno preveriti za produkcijo,srednja,IVR;MKGP_IPZ;VERIFY_NEEDED
kumare,škodljivec,listne uši,Potrebno dopolniti po IVR ali prognostičnih obvestilih.,"Redno pregledovanje, mreže, kolobar, odstranjevanje močno poškodovanih delov; ukrepe preveri pri IVR.",od setve do obiranja; pogosteje v toplem delu sezone,potrebno preveriti za produkcijo,srednja,IVR;GOV_PROGNOZA;VERIFY_NEEDED
kumare,škodljivec,pršice,Potrebno dopolniti po IVR ali prognostičnih obvestilih.,"Redno pregledovanje, mreže, kolobar, odstranjevanje močno poškodovanih delov; ukrepe preveri pri IVR.",od setve do obiranja; pogosteje v toplem delu sezone,potrebno preveriti za produkcijo,srednja,IVR;GOV_PROGNOZA;VERIFY_NEEDED
kumare,škodljivec,polži,Potrebno dopolniti po IVR ali prognostičnih obvestilih.,"Redno pregledovanje, mreže, kolobar, odstranjevanje močno poškodovanih delov; ukrepe preveri pri IVR.",od setve do obiranja; pogosteje v toplem delu sezone,potrebno preveriti za produkcijo,srednja,IVR;GOV_PROGNOZA;VERIFY_NEEDED
bucke,bolezen/fiziološka težava,pepelasta plesen,Potrebno dopolniti po IVR ali drugem strokovnem viru.,"Kolobar, zračnost, pravilno zalivanje, zdrave sadike/seme; prilagodi posamezni težavi.","vegetacija; bolj izrazito ob vlagi, vročini ali stresu, odvisno od težave",potrebno preveriti za produkcijo,srednja,IVR;MKGP_IPZ;VERIFY_NEEDED
bucke,bolezen/fiziološka težava,viroze,Potrebno dopolniti po IVR ali drugem strokovnem viru.,"Kolobar, zračnost, pravilno zalivanje, zdrave sadike/seme; prilagodi posamezni težavi.","vegetacija; bolj izrazito ob vlagi, vročini ali stresu, odvisno od težave",potrebno preveriti za produkcijo,srednja,IVR;MKGP_IPZ;VERIFY_NEEDED
bucke,škodljivec,polži,Potrebno dopolniti po IVR ali prognostičnih obvestilih.,"Redno pregledovanje, mreže, kolobar, odstranjevanje močno poškodovanih delov; ukrepe preveri pri IVR.",od setve do obiranja; pogosteje v toplem delu sezone,potrebno preveriti za produkcijo,srednja,IVR;GOV_PROGNOZA;VERIFY_NEEDED
bucke,škodljivec,listne uši,Potrebno dopolniti po IVR ali prognostičnih obvestilih.,"Redno pregledovanje, mreže, kolobar, odstranjevanje močno poškodovanih delov; ukrepe preveri pri IVR.",od setve do obiranja; pogosteje v toplem delu sezone,potrebno preveriti za produkcijo,srednja,IVR;GOV_PROGNOZA;VERIFY_NEEDED
jajcevec,bolezen/fiziološka težava,siva plesen,Potrebno dopolniti po IVR ali drugem strokovnem viru.,"Kolobar, zračnost, pravilno zalivanje, zdrave sadike/seme; prilagodi posamezni težavi.","vegetacija; bolj izrazito ob vlagi, vročini ali stresu, odvisno od težave",potrebno preveriti za produkcijo,srednja,IVR;MKGP_IPZ;VERIFY_NEEDED
jajcevec,bolezen/fiziološka težava,verticilijska uvelost,Potrebno dopolniti po IVR ali drugem strokovnem viru.,"Kolobar, zračnost, pravilno zalivanje, zdrave sadike/seme; prilagodi posamezni težavi.","vegetacija; bolj izrazito ob vlagi, vročini ali stresu, odvisno od težave",potrebno preveriti za produkcijo,srednja,IVR;MKGP_IPZ;VERIFY_NEEDED
jajcevec,škodljivec,koloradski hrošč,Potrebno dopolniti po IVR ali prognostičnih obvestilih.,"Redno pregledovanje, mreže, kolobar, odstranjevanje močno poškodovanih delov; ukrepe preveri pri IVR.",od setve do obiranja; pogosteje v toplem delu sezone,potrebno preveriti za produkcijo,srednja,IVR;GOV_PROGNOZA;VERIFY_NEEDED
jajcevec,škodljivec,listne uši,Potrebno dopolniti po IVR ali prognostičnih obvestilih.,"Redno pregledovanje, mreže, kolobar, odstranjevanje močno poškodovanih delov; ukrepe preveri pri IVR.",od setve do obiranja; pogosteje v toplem delu sezone,potrebno preveriti za produkcijo,srednja,IVR;GOV_PROGNOZA;VERIFY_NEEDED
jajcevec,škodljivec,pršice,Potrebno dopolniti po IVR ali prognostičnih obvestilih.,"Redno pregledovanje, mreže, kolobar, odstranjevanje močno poškodovanih delov; ukrepe preveri pri IVR.",od setve do obiranja; pogosteje v toplem delu sezone,potrebno preveriti za produkcijo,srednja,IVR;GOV_PROGNOZA;VERIFY_NEEDED
buce,bolezen/fiziološka težava,pepelasta plesen,Potrebno dopolniti po IVR ali drugem strokovnem viru.,"Kolobar, zračnost, pravilno zalivanje, zdrave sadike/seme; prilagodi posamezni težavi.","vegetacija; bolj izrazito ob vlagi, vročini ali stresu, odvisno od težave",potrebno preveriti za produkcijo,srednja,IVR;MKGP_IPZ;VERIFY_NEEDED
buce,bolezen/fiziološka težava,gnilobe,Potrebno dopolniti po IVR ali drugem strokovnem viru.,"Kolobar, zračnost, pravilno zalivanje, zdrave sadike/seme; prilagodi posamezni težavi.","vegetacija; bolj izrazito ob vlagi, vročini ali stresu, odvisno od težave",potrebno preveriti za produkcijo,srednja,IVR;MKGP_IPZ;VERIFY_NEEDED
buce,škodljivec,polži,Potrebno dopolniti po IVR ali prognostičnih obvestilih.,"Redno pregledovanje, mreže, kolobar, odstranjevanje močno poškodovanih delov; ukrepe preveri pri IVR.",od setve do obiranja; pogosteje v toplem delu sezone,potrebno preveriti za produkcijo,srednja,IVR;GOV_PROGNOZA;VERIFY_NEEDED
buce,škodljivec,listne uši,Potrebno dopolniti po IVR ali prognostičnih obvestilih.,"Redno pregledovanje, mreže, kolobar, odstranjevanje močno poškodovanih delov; ukrepe preveri pri IVR.",od setve do obiranja; pogosteje v toplem delu sezone,potrebno preveriti za produkcijo,srednja,IVR;GOV_PROGNOZA;VERIFY_NEEDED
lubenica,bolezen/fiziološka težava,pepelasta plesen,Potrebno dopolniti po IVR ali drugem strokovnem viru.,"Kolobar, zračnost, pravilno zalivanje, zdrave sadike/seme; prilagodi posamezni težavi.","vegetacija; bolj izrazito ob vlagi, vročini ali stresu, odvisno od težave",potrebno preveriti za produkcijo,srednja,IVR;MKGP_IPZ;VERIFY_NEEDED
lubenica,bolezen/fiziološka težava,fuzarijska uvelost,Potrebno dopolniti po IVR ali drugem strokovnem viru.,"Kolobar, zračnost, pravilno zalivanje, zdrave sadike/seme; prilagodi posamezni težavi.","vegetacija; bolj izrazito ob vlagi, vročini ali stresu, odvisno od težave",potrebno preveriti za produkcijo,srednja,IVR;MKGP_IPZ;VERIFY_NEEDED
lubenica,škodljivec,listne uši,Potrebno dopolniti po IVR ali prognostičnih obvestilih.,"Redno pregledovanje, mreže, kolobar, odstranjevanje močno poškodovanih delov; ukrepe preveri pri IVR.",od setve do obiranja; pogosteje v toplem delu sezone,potrebno preveriti za produkcijo,srednja,IVR;GOV_PROGNOZA;VERIFY_NEEDED
lubenica,škodljivec,pršice,Potrebno dopolniti po IVR ali prognostičnih obvestilih.,"Redno pregledovanje, mreže, kolobar, odstranjevanje močno poškodovanih delov; ukrepe preveri pri IVR.",od setve do obiranja; pogosteje v toplem delu sezone,potrebno preveriti za produkcijo,srednja,IVR;GOV_PROGNOZA;VERIFY_NEEDED
solata,bolezen/fiziološka težava,solatna plesen,Potrebno dopolniti po IVR ali drugem strokovnem viru.,"Kolobar, zračnost, pravilno zalivanje, zdrave sadike/seme; prilagodi posamezni težavi.","vegetacija; bolj izrazito ob vlagi, vročini ali stresu, odvisno od težave",potrebno preveriti za produkcijo,srednja,IVR;MKGP_IPZ;VERIFY_NEEDED
solata,bolezen/fiziološka težava,gnilobe,Potrebno dopolniti po IVR ali drugem strokovnem viru.,"Kolobar, zračnost, pravilno zalivanje, zdrave sadike/seme; prilagodi posamezni težavi.","vegetacija; bolj izrazito ob vlagi, vročini ali stresu, odvisno od težave",potrebno preveriti za produkcijo,srednja,IVR;MKGP_IPZ;VERIFY_NEEDED
solata,škodljivec,polži,Potrebno dopolniti po IVR ali prognostičnih obvestilih.,"Redno pregledovanje, mreže, kolobar, odstranjevanje močno poškodovanih delov; ukrepe preveri pri IVR.",od setve do obiranja; pogosteje v toplem delu sezone,potrebno preveriti za produkcijo,srednja,IVR;GOV_PROGNOZA;VERIFY_NEEDED
solata,škodljivec,listne uši,Potrebno dopolniti po IVR ali prognostičnih obvestilih.,"Redno pregledovanje, mreže, kolobar, odstranjevanje močno poškodovanih delov; ukrepe preveri pri IVR.",od setve do obiranja; pogosteje v toplem delu sezone,potrebno preveriti za produkcijo,srednja,IVR;GOV_PROGNOZA;VERIFY_NEEDED
radic,bolezen/fiziološka težava,gnilobe,Potrebno dopolniti po IVR ali drugem strokovnem viru.,"Kolobar, zračnost, pravilno zalivanje, zdrave sadike/seme; prilagodi posamezni težavi.","vegetacija; bolj izrazito ob vlagi, vročini ali stresu, odvisno od težave",potrebno preveriti za produkcijo,srednja,IVR;MKGP_IPZ;VERIFY_NEEDED
radic,bolezen/fiziološka težava,listne pegavosti,Potrebno dopolniti po IVR ali drugem strokovnem viru.,"Kolobar, zračnost, pravilno zalivanje, zdrave sadike/seme; prilagodi posamezni težavi.","vegetacija; bolj izrazito ob vlagi, vročini ali stresu, odvisno od težave",potrebno preveriti za produkcijo,srednja,IVR;MKGP_IPZ;VERIFY_NEEDED
radic,škodljivec,polži,Potrebno dopolniti po IVR ali prognostičnih obvestilih.,"Redno pregledovanje, mreže, kolobar, odstranjevanje močno poškodovanih delov; ukrepe preveri pri IVR.",od setve do obiranja; pogosteje v toplem delu sezone,potrebno preveriti za produkcijo,srednja,IVR;GOV_PROGNOZA;VERIFY_NEEDED
radic,škodljivec,listne uši,Potrebno dopolniti po IVR ali prognostičnih obvestilih.,"Redno pregledovanje, mreže, kolobar, odstranjevanje močno poškodovanih delov; ukrepe preveri pri IVR.",od setve do obiranja; pogosteje v toplem delu sezone,potrebno preveriti za produkcijo,srednja,IVR;GOV_PROGNOZA;VERIFY_NEEDED
endivija,bolezen/fiziološka težava,gnilobe,Potrebno dopolniti po IVR ali drugem strokovnem viru.,"Kolobar, zračnost, pravilno zalivanje, zdrave sadike/seme; prilagodi posamezni težavi.","vegetacija; bolj izrazito ob vlagi, vročini ali stresu, odvisno od težave",potrebno preveriti za produkcijo,srednja,IVR;MKGP_IPZ;VERIFY_NEEDED
endivija,bolezen/fiziološka težava,listne pegavosti,Potrebno dopolniti po IVR ali drugem strokovnem viru.,"Kolobar, zračnost, pravilno zalivanje, zdrave sadike/seme; prilagodi posamezni težavi.","vegetacija; bolj izrazito ob vlagi, vročini ali stresu, odvisno od težave",potrebno preveriti za produkcijo,srednja,IVR;MKGP_IPZ;VERIFY_NEEDED
endivija,škodljivec,polži,Potrebno dopolniti po IVR ali prognostičnih obvestilih.,"Redno pregledovanje, mreže, kolobar, odstranjevanje močno poškodovanih delov; ukrepe preveri pri IVR.",od setve do obiranja; pogosteje v toplem delu sezone,potrebno preveriti za produkcijo,srednja,IVR;GOV_PROGNOZA;VERIFY_NEEDED
endivija,škodljivec,uši,Potrebno dopolniti po IVR ali prognostičnih obvestilih.,"Redno pregledovanje, mreže, kolobar, odstranjevanje močno poškodovanih delov; ukrepe preveri pri IVR.",od setve do obiranja; pogosteje v toplem delu sezone,potrebno preveriti za produkcijo,srednja,IVR;GOV_PROGNOZA;VERIFY_NEEDED
spinaca,bolezen/fiziološka težava,peronospora,Potrebno dopolniti po IVR ali drugem strokovnem viru.,"Kolobar, zračnost, pravilno zalivanje, zdrave sadike/seme; prilagodi posamezni težavi.","vegetacija; bolj izrazito ob vlagi, vročini ali stresu, odvisno od težave",potrebno preveriti za produkcijo,srednja,IVR;MKGP_IPZ;VERIFY_NEEDED
spinaca,bolezen/fiziološka težava,listne pegavosti,Potrebno dopolniti po IVR ali drugem strokovnem viru.,"Kolobar, zračnost, pravilno zalivanje, zdrave sadike/seme; prilagodi posamezni težavi.","vegetacija; bolj izrazito ob vlagi, vročini ali stresu, odvisno od težave",potrebno preveriti za produkcijo,srednja,IVR;MKGP_IPZ;VERIFY_NEEDED
spinaca,škodljivec,polži,Potrebno dopolniti po IVR ali prognostičnih obvestilih.,"Redno pregledovanje, mreže, kolobar, odstranjevanje močno poškodovanih delov; ukrepe preveri pri IVR.",od setve do obiranja; pogosteje v toplem delu sezone,potrebno preveriti za produkcijo,srednja,IVR;GOV_PROGNOZA;VERIFY_NEEDED
spinaca,škodljivec,listne uši,Potrebno dopolniti po IVR ali prognostičnih obvestilih.,"Redno pregledovanje, mreže, kolobar, odstranjevanje močno poškodovanih delov; ukrepe preveri pri IVR.",od setve do obiranja; pogosteje v toplem delu sezone,potrebno preveriti za produkcijo,srednja,IVR;GOV_PROGNOZA;VERIFY_NEEDED
blitva,bolezen/fiziološka težava,listne pegavosti,Potrebno dopolniti po IVR ali drugem strokovnem viru.,"Kolobar, zračnost, pravilno zalivanje, zdrave sadike/seme; prilagodi posamezni težavi.","vegetacija; bolj izrazito ob vlagi, vročini ali stresu, odvisno od težave",potrebno preveriti za produkcijo,srednja,IVR;MKGP_IPZ;VERIFY_NEEDED
blitva,bolezen/fiziološka težava,peronospora,Potrebno dopolniti po IVR ali drugem strokovnem viru.,"Kolobar, zračnost, pravilno zalivanje, zdrave sadike/seme; prilagodi posamezni težavi.","vegetacija; bolj izrazito ob vlagi, vročini ali stresu, odvisno od težave",potrebno preveriti za produkcijo,srednja,IVR;MKGP_IPZ;VERIFY_NEEDED
blitva,škodljivec,polži,Potrebno dopolniti po IVR ali prognostičnih obvestilih.,"Redno pregledovanje, mreže, kolobar, odstranjevanje močno poškodovanih delov; ukrepe preveri pri IVR.",od setve do obiranja; pogosteje v toplem delu sezone,potrebno preveriti za produkcijo,srednja,IVR;GOV_PROGNOZA;VERIFY_NEEDED
blitva,škodljivec,listne uši,Potrebno dopolniti po IVR ali prognostičnih obvestilih.,"Redno pregledovanje, mreže, kolobar, odstranjevanje močno poškodovanih delov; ukrepe preveri pri IVR.",od setve do obiranja; pogosteje v toplem delu sezone,potrebno preveriti za produkcijo,srednja,IVR;GOV_PROGNOZA;VERIFY_NEEDED
motovilec,bolezen/fiziološka težava,pepelasta plesen,Potrebno dopolniti po IVR ali drugem strokovnem viru.,"Kolobar, zračnost, pravilno zalivanje, zdrave sadike/seme; prilagodi posamezni težavi.","vegetacija; bolj izrazito ob vlagi, vročini ali stresu, odvisno od težave",potrebno preveriti za produkcijo,srednja,IVR;MKGP_IPZ;VERIFY_NEEDED
motovilec,bolezen/fiziološka težava,gnilobe v vlagi,Potrebno dopolniti po IVR ali drugem strokovnem viru.,"Kolobar, zračnost, pravilno zalivanje, zdrave sadike/seme; prilagodi posamezni težavi.","vegetacija; bolj izrazito ob vlagi, vročini ali stresu, odvisno od težave",potrebno preveriti za produkcijo,srednja,IVR;MKGP_IPZ;VERIFY_NEEDED
motovilec,škodljivec,polži,Potrebno dopolniti po IVR ali prognostičnih obvestilih.,"Redno pregledovanje, mreže, kolobar, odstranjevanje močno poškodovanih delov; ukrepe preveri pri IVR.",od setve do obiranja; pogosteje v toplem delu sezone,potrebno preveriti za produkcijo,srednja,IVR;GOV_PROGNOZA;VERIFY_NEEDED
rukola,bolezen/fiziološka težava,bolhači,Potrebno dopolniti po IVR ali drugem strokovnem viru.,"Kolobar, zračnost, pravilno zalivanje, zdrave sadike/seme; prilagodi posamezni težavi.","vegetacija; bolj izrazito ob vlagi, vročini ali stresu, odvisno od težave",potrebno preveriti za produkcijo,srednja,IVR;MKGP_IPZ;VERIFY_NEEDED
rukola,bolezen/fiziološka težava,listne pegavosti,Potrebno dopolniti po IVR ali drugem strokovnem viru.,"Kolobar, zračnost, pravilno zalivanje, zdrave sadike/seme; prilagodi posamezni težavi.","vegetacija; bolj izrazito ob vlagi, vročini ali stresu, odvisno od težave",potrebno preveriti za produkcijo,srednja,IVR;MKGP_IPZ;VERIFY_NEEDED
rukola,škodljivec,bolhači,Potrebno dopolniti po IVR ali prognostičnih obvestilih.,"Redno pregledovanje, mreže, kolobar, odstranjevanje močno poškodovanih delov; ukrepe preveri pri IVR.",od setve do obiranja; pogosteje v toplem delu sezone,potrebno preveriti za produkcijo,srednja,IVR;GOV_PROGNOZA;VERIFY_NEEDED
rukola,škodljivec,polži,Potrebno dopolniti po IVR ali prognostičnih obvestilih.,"Redno pregledovanje, mreže, kolobar, odstranjevanje močno poškodovanih delov; ukrepe preveri pri IVR.",od setve do obiranja; pogosteje v toplem delu sezone,potrebno preveriti za produkcijo,srednja,IVR;GOV_PROGNOZA;VERIFY_NEEDED
korenje,bolezen/fiziološka težava,koreninske gnilobe,Potrebno dopolniti po IVR ali drugem strokovnem viru.,"Kolobar, zračnost, pravilno zalivanje, zdrave sadike/seme; prilagodi posamezni težavi.","vegetacija; bolj izrazito ob vlagi, vročini ali stresu, odvisno od težave",potrebno preveriti za produkcijo,srednja,IVR;MKGP_IPZ;VERIFY_NEEDED
korenje,bolezen/fiziološka težava,listne pegavosti,Potrebno dopolniti po IVR ali drugem strokovnem viru.,"Kolobar, zračnost, pravilno zalivanje, zdrave sadike/seme; prilagodi posamezni težavi.","vegetacija; bolj izrazito ob vlagi, vročini ali stresu, odvisno od težave",potrebno preveriti za produkcijo,srednja,IVR;MKGP_IPZ;VERIFY_NEEDED
korenje,škodljivec,korenjeva muha,Potrebno dopolniti po IVR ali prognostičnih obvestilih.,"Redno pregledovanje, mreže, kolobar, odstranjevanje močno poškodovanih delov; ukrepe preveri pri IVR.",od setve do obiranja; pogosteje v toplem delu sezone,potrebno preveriti za produkcijo,srednja,IVR;GOV_PROGNOZA;VERIFY_NEEDED
korenje,škodljivec,strune,Potrebno dopolniti po IVR ali prognostičnih obvestilih.,"Redno pregledovanje, mreže, kolobar, odstranjevanje močno poškodovanih delov; ukrepe preveri pri IVR.",od setve do obiranja; pogosteje v toplem delu sezone,potrebno preveriti za produkcijo,srednja,IVR;GOV_PROGNOZA;VERIFY_NEEDED
petersilj_koren,bolezen/fiziološka težava,listne pegavosti,Potrebno dopolniti po IVR ali drugem strokovnem viru.,"Kolobar, zračnost, pravilno zalivanje, zdrave sadike/seme; prilagodi posamezni težavi.","vegetacija; bolj izrazito ob vlagi, vročini ali stresu, odvisno od težave",potrebno preveriti za produkcijo,srednja,IVR;MKGP_IPZ;VERIFY_NEEDED
petersilj_koren,bolezen/fiziološka težava,koreninske gnilobe,Potrebno dopolniti po IVR ali drugem strokovnem viru.,"Kolobar, zračnost, pravilno zalivanje, zdrave sadike/seme; prilagodi posamezni težavi.","vegetacija; bolj izrazito ob vlagi, vročini ali stresu, odvisno od težave",potrebno preveriti za produkcijo,srednja,IVR;MKGP_IPZ;VERIFY_NEEDED
petersilj_koren,škodljivec,korenjeva muha,Potrebno dopolniti po IVR ali prognostičnih obvestilih.,"Redno pregledovanje, mreže, kolobar, odstranjevanje močno poškodovanih delov; ukrepe preveri pri IVR.",od setve do obiranja; pogosteje v toplem delu sezone,potrebno preveriti za produkcijo,srednja,IVR;GOV_PROGNOZA;VERIFY_NEEDED
petersilj_koren,škodljivec,listne uši,Potrebno dopolniti po IVR ali prognostičnih obvestilih.,"Redno pregledovanje, mreže, kolobar, odstranjevanje močno poškodovanih delov; ukrepe preveri pri IVR.",od setve do obiranja; pogosteje v toplem delu sezone,potrebno preveriti za produkcijo,srednja,IVR;GOV_PROGNOZA;VERIFY_NEEDED
rdeca_pesa,bolezen/fiziološka težava,listne pegavosti,Potrebno dopolniti po IVR ali drugem strokovnem viru.,"Kolobar, zračnost, pravilno zalivanje, zdrave sadike/seme; prilagodi posamezni težavi.","vegetacija; bolj izrazito ob vlagi, vročini ali stresu, odvisno od težave",potrebno preveriti za produkcijo,srednja,IVR;MKGP_IPZ;VERIFY_NEEDED
rdeca_pesa,bolezen/fiziološka težava,gnilobe,Potrebno dopolniti po IVR ali drugem strokovnem viru.,"Kolobar, zračnost, pravilno zalivanje, zdrave sadike/seme; prilagodi posamezni težavi.","vegetacija; bolj izrazito ob vlagi, vročini ali stresu, odvisno od težave",potrebno preveriti za produkcijo,srednja,IVR;MKGP_IPZ;VERIFY_NEEDED
rdeca_pesa,škodljivec,bolhači,Potrebno dopolniti po IVR ali prognostičnih obvestilih.,"Redno pregledovanje, mreže, kolobar, odstranjevanje močno poškodovanih delov; ukrepe preveri pri IVR.",od setve do obiranja; pogosteje v toplem delu sezone,potrebno preveriti za produkcijo,srednja,IVR;GOV_PROGNOZA;VERIFY_NEEDED
rdeca_pesa,škodljivec,listne uši,Potrebno dopolniti po IVR ali prognostičnih obvestilih.,"Redno pregledovanje, mreže, kolobar, odstranjevanje močno poškodovanih delov; ukrepe preveri pri IVR.",od setve do obiranja; pogosteje v toplem delu sezone,potrebno preveriti za produkcijo,srednja,IVR;GOV_PROGNOZA;VERIFY_NEEDED
redkvica,bolezen/fiziološka težava,pokanje,Potrebno dopolniti po IVR ali drugem strokovnem viru.,"Kolobar, zračnost, pravilno zalivanje, zdrave sadike/seme; prilagodi posamezni težavi.","vegetacija; bolj izrazito ob vlagi, vročini ali stresu, odvisno od težave",potrebno preveriti za produkcijo,srednja,IVR;MKGP_IPZ;VERIFY_NEEDED
redkvica,bolezen/fiziološka težava,puhlost,Potrebno dopolniti po IVR ali drugem strokovnem viru.,"Kolobar, zračnost, pravilno zalivanje, zdrave sadike/seme; prilagodi posamezni težavi.","vegetacija; bolj izrazito ob vlagi, vročini ali stresu, odvisno od težave",potrebno preveriti za produkcijo,srednja,IVR;MKGP_IPZ;VERIFY_NEEDED
redkvica,bolezen/fiziološka težava,peronospora,Potrebno dopolniti po IVR ali drugem strokovnem viru.,"Kolobar, zračnost, pravilno zalivanje, zdrave sadike/seme; prilagodi posamezni težavi.","vegetacija; bolj izrazito ob vlagi, vročini ali stresu, odvisno od težave",potrebno preveriti za produkcijo,srednja,IVR;MKGP_IPZ;VERIFY_NEEDED
redkvica,škodljivec,bolhači,Potrebno dopolniti po IVR ali prognostičnih obvestilih.,"Redno pregledovanje, mreže, kolobar, odstranjevanje močno poškodovanih delov; ukrepe preveri pri IVR.",od setve do obiranja; pogosteje v toplem delu sezone,potrebno preveriti za produkcijo,srednja,IVR;GOV_PROGNOZA;VERIFY_NEEDED
redkvica,škodljivec,polži,Potrebno dopolniti po IVR ali prognostičnih obvestilih.,"Redno pregledovanje, mreže, kolobar, odstranjevanje močno poškodovanih delov; ukrepe preveri pri IVR.",od setve do obiranja; pogosteje v toplem delu sezone,potrebno preveriti za produkcijo,srednja,IVR;GOV_PROGNOZA;VERIFY_NEEDED
pastinak,bolezen/fiziološka težava,listne pegavosti,Potrebno dopolniti po IVR ali drugem strokovnem viru.,"Kolobar, zračnost, pravilno zalivanje, zdrave sadike/seme; prilagodi posamezni težavi.","vegetacija; bolj izrazito ob vlagi, vročini ali stresu, odvisno od težave",potrebno preveriti za produkcijo,srednja,IVR;MKGP_IPZ;VERIFY_NEEDED
pastinak,bolezen/fiziološka težava,gnilobe,Potrebno dopolniti po IVR ali drugem strokovnem viru.,"Kolobar, zračnost, pravilno zalivanje, zdrave sadike/seme; prilagodi posamezni težavi.","vegetacija; bolj izrazito ob vlagi, vročini ali stresu, odvisno od težave",potrebno preveriti za produkcijo,srednja,IVR;MKGP_IPZ;VERIFY_NEEDED
pastinak,škodljivec,korenjeva muha,Potrebno dopolniti po IVR ali prognostičnih obvestilih.,"Redno pregledovanje, mreže, kolobar, odstranjevanje močno poškodovanih delov; ukrepe preveri pri IVR.",od setve do obiranja; pogosteje v toplem delu sezone,potrebno preveriti za produkcijo,srednja,IVR;GOV_PROGNOZA;VERIFY_NEEDED
pastinak,škodljivec,strune,Potrebno dopolniti po IVR ali prognostičnih obvestilih.,"Redno pregledovanje, mreže, kolobar, odstranjevanje močno poškodovanih delov; ukrepe preveri pri IVR.",od setve do obiranja; pogosteje v toplem delu sezone,potrebno preveriti za produkcijo,srednja,IVR;GOV_PROGNOZA;VERIFY_NEEDED
krompir,bolezen/fiziološka težava,krompirjeva plesen,Potrebno dopolniti po IVR ali drugem strokovnem viru.,"Kolobar, zračnost, pravilno zalivanje, zdrave sadike/seme; prilagodi posamezni težavi.","vegetacija; bolj izrazito ob vlagi, vročini ali stresu, odvisno od težave",potrebno preveriti za produkcijo,srednja,IVR;MKGP_IPZ;VERIFY_NEEDED
krompir,bolezen/fiziološka težava,črna noga,Potrebno dopolniti po IVR ali drugem strokovnem viru.,"Kolobar, zračnost, pravilno zalivanje, zdrave sadike/seme; prilagodi posamezni težavi.","vegetacija; bolj izrazito ob vlagi, vročini ali stresu, odvisno od težave",potrebno preveriti za produkcijo,srednja,IVR;MKGP_IPZ;VERIFY_NEEDED
krompir,bolezen/fiziološka težava,krastavost,Potrebno dopolniti po IVR ali drugem strokovnem viru.,"Kolobar, zračnost, pravilno zalivanje, zdrave sadike/seme; prilagodi posamezni težavi.","vegetacija; bolj izrazito ob vlagi, vročini ali stresu, odvisno od težave",potrebno preveriti za produkcijo,srednja,IVR;MKGP_IPZ;VERIFY_NEEDED
krompir,škodljivec,koloradski hrošč,Potrebno dopolniti po IVR ali prognostičnih obvestilih.,"Redno pregledovanje, mreže, kolobar, odstranjevanje močno poškodovanih delov; ukrepe preveri pri IVR.",od setve do obiranja; pogosteje v toplem delu sezone,potrebno preveriti za produkcijo,srednja,IVR;GOV_PROGNOZA;VERIFY_NEEDED
krompir,škodljivec,strune,Potrebno dopolniti po IVR ali prognostičnih obvestilih.,"Redno pregledovanje, mreže, kolobar, odstranjevanje močno poškodovanih delov; ukrepe preveri pri IVR.",od setve do obiranja; pogosteje v toplem delu sezone,potrebno preveriti za produkcijo,srednja,IVR;GOV_PROGNOZA;VERIFY_NEEDED
gomoljna_zelena,bolezen/fiziološka težava,listne pegavosti,Potrebno dopolniti po IVR ali drugem strokovnem viru.,"Kolobar, zračnost, pravilno zalivanje, zdrave sadike/seme; prilagodi posamezni težavi.","vegetacija; bolj izrazito ob vlagi, vročini ali stresu, odvisno od težave",potrebno preveriti za produkcijo,srednja,IVR;MKGP_IPZ;VERIFY_NEEDED
gomoljna_zelena,bolezen/fiziološka težava,gnilobe,Potrebno dopolniti po IVR ali drugem strokovnem viru.,"Kolobar, zračnost, pravilno zalivanje, zdrave sadike/seme; prilagodi posamezni težavi.","vegetacija; bolj izrazito ob vlagi, vročini ali stresu, odvisno od težave",potrebno preveriti za produkcijo,srednja,IVR;MKGP_IPZ;VERIFY_NEEDED
gomoljna_zelena,škodljivec,listne uši,Potrebno dopolniti po IVR ali prognostičnih obvestilih.,"Redno pregledovanje, mreže, kolobar, odstranjevanje močno poškodovanih delov; ukrepe preveri pri IVR.",od setve do obiranja; pogosteje v toplem delu sezone,potrebno preveriti za produkcijo,srednja,IVR;GOV_PROGNOZA;VERIFY_NEEDED
gomoljna_zelena,škodljivec,zelena muha,Potrebno dopolniti po IVR ali prognostičnih obvestilih.,"Redno pregledovanje, mreže, kolobar, odstranjevanje močno poškodovanih delov; ukrepe preveri pri IVR.",od setve do obiranja; pogosteje v toplem delu sezone,potrebno preveriti za produkcijo,srednja,IVR;GOV_PROGNOZA;VERIFY_NEEDED
fizol_nizek,bolezen/fiziološka težava,fižolova rja,Potrebno dopolniti po IVR ali drugem strokovnem viru.,"Kolobar, zračnost, pravilno zalivanje, zdrave sadike/seme; prilagodi posamezni težavi.","vegetacija; bolj izrazito ob vlagi, vročini ali stresu, odvisno od težave",potrebno preveriti za produkcijo,srednja,IVR;MKGP_IPZ;VERIFY_NEEDED
fizol_nizek,bolezen/fiziološka težava,bakterijske pegavosti,Potrebno dopolniti po IVR ali drugem strokovnem viru.,"Kolobar, zračnost, pravilno zalivanje, zdrave sadike/seme; prilagodi posamezni težavi.","vegetacija; bolj izrazito ob vlagi, vročini ali stresu, odvisno od težave",potrebno preveriti za produkcijo,srednja,IVR;MKGP_IPZ;VERIFY_NEEDED
fizol_nizek,bolezen/fiziološka težava,antraknoza,Potrebno dopolniti po IVR ali drugem strokovnem viru.,"Kolobar, zračnost, pravilno zalivanje, zdrave sadike/seme; prilagodi posamezni težavi.","vegetacija; bolj izrazito ob vlagi, vročini ali stresu, odvisno od težave",potrebno preveriti za produkcijo,srednja,IVR;MKGP_IPZ;VERIFY_NEEDED
fizol_nizek,škodljivec,listne uši,Potrebno dopolniti po IVR ali prognostičnih obvestilih.,"Redno pregledovanje, mreže, kolobar, odstranjevanje močno poškodovanih delov; ukrepe preveri pri IVR.",od setve do obiranja; pogosteje v toplem delu sezone,potrebno preveriti za produkcijo,srednja,IVR;GOV_PROGNOZA;VERIFY_NEEDED
fizol_nizek,škodljivec,polži,Potrebno dopolniti po IVR ali prognostičnih obvestilih.,"Redno pregledovanje, mreže, kolobar, odstranjevanje močno poškodovanih delov; ukrepe preveri pri IVR.",od setve do obiranja; pogosteje v toplem delu sezone,potrebno preveriti za produkcijo,srednja,IVR;GOV_PROGNOZA;VERIFY_NEEDED
fizol_nizek,škodljivec,fižolar,Potrebno dopolniti po IVR ali prognostičnih obvestilih.,"Redno pregledovanje, mreže, kolobar, odstranjevanje močno poškodovanih delov; ukrepe preveri pri IVR.",od setve do obiranja; pogosteje v toplem delu sezone,potrebno preveriti za produkcijo,srednja,IVR;GOV_PROGNOZA;VERIFY_NEEDED
fizol_visok,bolezen/fiziološka težava,fižolova rja,Potrebno dopolniti po IVR ali drugem strokovnem viru.,"Kolobar, zračnost, pravilno zalivanje, zdrave sadike/seme; prilagodi posamezni težavi.","vegetacija; bolj izrazito ob vlagi, vročini ali stresu, odvisno od težave",potrebno preveriti za produkcijo,srednja,IVR;MKGP_IPZ;VERIFY_NEEDED
fizol_visok,bolezen/fiziološka težava,antraknoza,Potrebno dopolniti po IVR ali drugem strokovnem viru.,"Kolobar, zračnost, pravilno zalivanje, zdrave sadike/seme; prilagodi posamezni težavi.","vegetacija; bolj izrazito ob vlagi, vročini ali stresu, odvisno od težave",potrebno preveriti za produkcijo,srednja,IVR;MKGP_IPZ;VERIFY_NEEDED
fizol_visok,škodljivec,listne uši,Potrebno dopolniti po IVR ali prognostičnih obvestilih.,"Redno pregledovanje, mreže, kolobar, odstranjevanje močno poškodovanih delov; ukrepe preveri pri IVR.",od setve do obiranja; pogosteje v toplem delu sezone,potrebno preveriti za produkcijo,srednja,IVR;GOV_PROGNOZA;VERIFY_NEEDED
fizol_visok,škodljivec,polži,Potrebno dopolniti po IVR ali prognostičnih obvestilih.,"Redno pregledovanje, mreže, kolobar, odstranjevanje močno poškodovanih delov; ukrepe preveri pri IVR.",od setve do obiranja; pogosteje v toplem delu sezone,potrebno preveriti za produkcijo,srednja,IVR;GOV_PROGNOZA;VERIFY_NEEDED
fizol_visok,škodljivec,fižolar,Potrebno dopolniti po IVR ali prognostičnih obvestilih.,"Redno pregledovanje, mreže, kolobar, odstranjevanje močno poškodovanih delov; ukrepe preveri pri IVR.",od setve do obiranja; pogosteje v toplem delu sezone,potrebno preveriti za produkcijo,srednja,IVR;GOV_PROGNOZA;VERIFY_NEEDED
grah,bolezen/fiziološka težava,pepelasta plesen,Potrebno dopolniti po IVR ali drugem strokovnem viru.,"Kolobar, zračnost, pravilno zalivanje, zdrave sadike/seme; prilagodi posamezni težavi.","vegetacija; bolj izrazito ob vlagi, vročini ali stresu, odvisno od težave",potrebno preveriti za produkcijo,srednja,IVR;MKGP_IPZ;VERIFY_NEEDED
grah,bolezen/fiziološka težava,uvelosti,Potrebno dopolniti po IVR ali drugem strokovnem viru.,"Kolobar, zračnost, pravilno zalivanje, zdrave sadike/seme; prilagodi posamezni težavi.","vegetacija; bolj izrazito ob vlagi, vročini ali stresu, odvisno od težave",potrebno preveriti za produkcijo,srednja,IVR;MKGP_IPZ;VERIFY_NEEDED
grah,škodljivec,grahov zavijač,Potrebno dopolniti po IVR ali prognostičnih obvestilih.,"Redno pregledovanje, mreže, kolobar, odstranjevanje močno poškodovanih delov; ukrepe preveri pri IVR.",od setve do obiranja; pogosteje v toplem delu sezone,potrebno preveriti za produkcijo,srednja,IVR;GOV_PROGNOZA;VERIFY_NEEDED
grah,škodljivec,listne uši,Potrebno dopolniti po IVR ali prognostičnih obvestilih.,"Redno pregledovanje, mreže, kolobar, odstranjevanje močno poškodovanih delov; ukrepe preveri pri IVR.",od setve do obiranja; pogosteje v toplem delu sezone,potrebno preveriti za produkcijo,srednja,IVR;GOV_PROGNOZA;VERIFY_NEEDED
grah,škodljivec,polži,Potrebno dopolniti po IVR ali prognostičnih obvestilih.,"Redno pregledovanje, mreže, kolobar, odstranjevanje močno poškodovanih delov; ukrepe preveri pri IVR.",od setve do obiranja; pogosteje v toplem delu sezone,potrebno preveriti za produkcijo,srednja,IVR;GOV_PROGNOZA;VERIFY_NEEDED
bob,bolezen/fiziološka težava,rja,Potrebno dopolniti po IVR ali drugem strokovnem viru.,"Kolobar, zračnost, pravilno zalivanje, zdrave sadike/seme; prilagodi posamezni težavi.","vegetacija; bolj izrazito ob vlagi, vročini ali stresu, odvisno od težave",potrebno preveriti za produkcijo,srednja,IVR;MKGP_IPZ;VERIFY_NEEDED
bob,bolezen/fiziološka težava,črna listna pegavost,Potrebno dopolniti po IVR ali drugem strokovnem viru.,"Kolobar, zračnost, pravilno zalivanje, zdrave sadike/seme; prilagodi posamezni težavi.","vegetacija; bolj izrazito ob vlagi, vročini ali stresu, odvisno od težave",potrebno preveriti za produkcijo,srednja,IVR;MKGP_IPZ;VERIFY_NEEDED
bob,škodljivec,črna fižolova uš,Potrebno dopolniti po IVR ali prognostičnih obvestilih.,"Redno pregledovanje, mreže, kolobar, odstranjevanje močno poškodovanih delov; ukrepe preveri pri IVR.",od setve do obiranja; pogosteje v toplem delu sezone,potrebno preveriti za produkcijo,srednja,IVR;GOV_PROGNOZA;VERIFY_NEEDED
bob,škodljivec,bobov zavijač,Potrebno dopolniti po IVR ali prognostičnih obvestilih.,"Redno pregledovanje, mreže, kolobar, odstranjevanje močno poškodovanih delov; ukrepe preveri pri IVR.",od setve do obiranja; pogosteje v toplem delu sezone,potrebno preveriti za produkcijo,srednja,IVR;GOV_PROGNOZA;VERIFY_NEEDED
zelje,bolezen/fiziološka težava,golšavost kapusnic,Potrebno dopolniti po IVR ali drugem strokovnem viru.,"Kolobar, zračnost, pravilno zalivanje, zdrave sadike/seme; prilagodi posamezni težavi.","vegetacija; bolj izrazito ob vlagi, vročini ali stresu, odvisno od težave",potrebno preveriti za produkcijo,srednja,IVR;MKGP_IPZ;VERIFY_NEEDED
zelje,bolezen/fiziološka težava,črna žilavka,Potrebno dopolniti po IVR ali drugem strokovnem viru.,"Kolobar, zračnost, pravilno zalivanje, zdrave sadike/seme; prilagodi posamezni težavi.","vegetacija; bolj izrazito ob vlagi, vročini ali stresu, odvisno od težave",potrebno preveriti za produkcijo,srednja,IVR;MKGP_IPZ;VERIFY_NEEDED
zelje,bolezen/fiziološka težava,peronospora,Potrebno dopolniti po IVR ali drugem strokovnem viru.,"Kolobar, zračnost, pravilno zalivanje, zdrave sadike/seme; prilagodi posamezni težavi.","vegetacija; bolj izrazito ob vlagi, vročini ali stresu, odvisno od težave",potrebno preveriti za produkcijo,srednja,IVR;MKGP_IPZ;VERIFY_NEEDED
zelje,škodljivec,kapusov belin,Potrebno dopolniti po IVR ali prognostičnih obvestilih.,"Redno pregledovanje, mreže, kolobar, odstranjevanje močno poškodovanih delov; ukrepe preveri pri IVR.",od setve do obiranja; pogosteje v toplem delu sezone,potrebno preveriti za produkcijo,srednja,IVR;GOV_PROGNOZA;VERIFY_NEEDED
zelje,škodljivec,bolhači,Potrebno dopolniti po IVR ali prognostičnih obvestilih.,"Redno pregledovanje, mreže, kolobar, odstranjevanje močno poškodovanih delov; ukrepe preveri pri IVR.",od setve do obiranja; pogosteje v toplem delu sezone,potrebno preveriti za produkcijo,srednja,IVR;GOV_PROGNOZA;VERIFY_NEEDED
zelje,škodljivec,listne uši,Potrebno dopolniti po IVR ali prognostičnih obvestilih.,"Redno pregledovanje, mreže, kolobar, odstranjevanje močno poškodovanih delov; ukrepe preveri pri IVR.",od setve do obiranja; pogosteje v toplem delu sezone,potrebno preveriti za produkcijo,srednja,IVR;GOV_PROGNOZA;VERIFY_NEEDED
zelje,škodljivec,polži,Potrebno dopolniti po IVR ali prognostičnih obvestilih.,"Redno pregledovanje, mreže, kolobar, odstranjevanje močno poškodovanih delov; ukrepe preveri pri IVR.",od setve do obiranja; pogosteje v toplem delu sezone,potrebno preveriti za produkcijo,srednja,IVR;GOV_PROGNOZA;VERIFY_NEEDED
brokoli,bolezen/fiziološka težava,golšavost,Potrebno dopolniti po IVR ali drugem strokovnem viru.,"Kolobar, zračnost, pravilno zalivanje, zdrave sadike/seme; prilagodi posamezni težavi.","vegetacija; bolj izrazito ob vlagi, vročini ali stresu, odvisno od težave",potrebno preveriti za produkcijo,srednja,IVR;MKGP_IPZ;VERIFY_NEEDED
brokoli,bolezen/fiziološka težava,peronospora,Potrebno dopolniti po IVR ali drugem strokovnem viru.,"Kolobar, zračnost, pravilno zalivanje, zdrave sadike/seme; prilagodi posamezni težavi.","vegetacija; bolj izrazito ob vlagi, vročini ali stresu, odvisno od težave",potrebno preveriti za produkcijo,srednja,IVR;MKGP_IPZ;VERIFY_NEEDED
brokoli,bolezen/fiziološka težava,črna žilavka,Potrebno dopolniti po IVR ali drugem strokovnem viru.,"Kolobar, zračnost, pravilno zalivanje, zdrave sadike/seme; prilagodi posamezni težavi.","vegetacija; bolj izrazito ob vlagi, vročini ali stresu, odvisno od težave",potrebno preveriti za produkcijo,srednja,IVR;MKGP_IPZ;VERIFY_NEEDED
brokoli,škodljivec,kapusov belin,Potrebno dopolniti po IVR ali prognostičnih obvestilih.,"Redno pregledovanje, mreže, kolobar, odstranjevanje močno poškodovanih delov; ukrepe preveri pri IVR.",od setve do obiranja; pogosteje v toplem delu sezone,potrebno preveriti za produkcijo,srednja,IVR;GOV_PROGNOZA;VERIFY_NEEDED
brokoli,škodljivec,bolhači,Potrebno dopolniti po IVR ali prognostičnih obvestilih.,"Redno pregledovanje, mreže, kolobar, odstranjevanje močno poškodovanih delov; ukrepe preveri pri IVR.",od setve do obiranja; pogosteje v toplem delu sezone,potrebno preveriti za produkcijo,srednja,IVR;GOV_PROGNOZA;VERIFY_NEEDED
brokoli,škodljivec,uši,Potrebno dopolniti po IVR ali prognostičnih obvestilih.,"Redno pregledovanje, mreže, kolobar, odstranjevanje močno poškodovanih delov; ukrepe preveri pri IVR.",od setve do obiranja; pogosteje v toplem delu sezone,potrebno preveriti za produkcijo,srednja,IVR;GOV_PROGNOZA;VERIFY_NEEDED
cvetača,bolezen/fiziološka težava,golšavost,Potrebno dopolniti po IVR ali drugem strokovnem viru.,"Kolobar, zračnost, pravilno zalivanje, zdrave sadike/seme; prilagodi posamezni težavi.","vegetacija; bolj izrazito ob vlagi, vročini ali stresu, odvisno od težave",potrebno preveriti za produkcijo,srednja,IVR;MKGP_IPZ;VERIFY_NEEDED
cvetača,bolezen/fiziološka težava,črna žilavka,Potrebno dopolniti po IVR ali drugem strokovnem viru.,"Kolobar, zračnost, pravilno zalivanje, zdrave sadike/seme; prilagodi posamezni težavi.","vegetacija; bolj izrazito ob vlagi, vročini ali stresu, odvisno od težave",potrebno preveriti za produkcijo,srednja,IVR;MKGP_IPZ;VERIFY_NEEDED
cvetača,bolezen/fiziološka težava,peronospora,Potrebno dopolniti po IVR ali drugem strokovnem viru.,"Kolobar, zračnost, pravilno zalivanje, zdrave sadike/seme; prilagodi posamezni težavi.","vegetacija; bolj izrazito ob vlagi, vročini ali stresu, odvisno od težave",potrebno preveriti za produkcijo,srednja,IVR;MKGP_IPZ;VERIFY_NEEDED
cvetača,škodljivec,kapusov belin,Potrebno dopolniti po IVR ali prognostičnih obvestilih.,"Redno pregledovanje, mreže, kolobar, odstranjevanje močno poškodovanih delov; ukrepe preveri pri IVR.",od setve do obiranja; pogosteje v toplem delu sezone,potrebno preveriti za produkcijo,srednja,IVR;GOV_PROGNOZA;VERIFY_NEEDED
cvetača,škodljivec,bolhači,Potrebno dopolniti po IVR ali prognostičnih obvestilih.,"Redno pregledovanje, mreže, kolobar, odstranjevanje močno poškodovanih delov; ukrepe preveri pri IVR.",od setve do obiranja; pogosteje v toplem delu sezone,potrebno preveriti za produkcijo,srednja,IVR;GOV_PROGNOZA;VERIFY_NEEDED
cvetača,škodljivec,uši,Potrebno dopolniti po IVR ali prognostičnih obvestilih.,"Redno pregledovanje, mreže, kolobar, odstranjevanje močno poškodovanih delov; ukrepe preveri pri IVR.",od setve do obiranja; pogosteje v toplem delu sezone,potrebno preveriti za produkcijo,srednja,IVR;GOV_PROGNOZA;VERIFY_NEEDED
ohrovt,bolezen/fiziološka težava,golšavost,Potrebno dopolniti po IVR ali drugem strokovnem viru.,"Kolobar, zračnost, pravilno zalivanje, zdrave sadike/seme; prilagodi posamezni težavi.","vegetacija; bolj izrazito ob vlagi, vročini ali stresu, odvisno od težave",potrebno preveriti za produkcijo,srednja,IVR;MKGP_IPZ;VERIFY_NEEDED
ohrovt,bolezen/fiziološka težava,peronospora,Potrebno dopolniti po IVR ali drugem strokovnem viru.,"Kolobar, zračnost, pravilno zalivanje, zdrave sadike/seme; prilagodi posamezni težavi.","vegetacija; bolj izrazito ob vlagi, vročini ali stresu, odvisno od težave",potrebno preveriti za produkcijo,srednja,IVR;MKGP_IPZ;VERIFY_NEEDED
ohrovt,škodljivec,kapusov belin,Potrebno dopolniti po IVR ali prognostičnih obvestilih.,"Redno pregledovanje, mreže, kolobar, odstranjevanje močno poškodovanih delov; ukrepe preveri pri IVR.",od setve do obiranja; pogosteje v toplem delu sezone,potrebno preveriti za produkcijo,srednja,IVR;GOV_PROGNOZA;VERIFY_NEEDED
ohrovt,škodljivec,bolhači,Potrebno dopolniti po IVR ali prognostičnih obvestilih.,"Redno pregledovanje, mreže, kolobar, odstranjevanje močno poškodovanih delov; ukrepe preveri pri IVR.",od setve do obiranja; pogosteje v toplem delu sezone,potrebno preveriti za produkcijo,srednja,IVR;GOV_PROGNOZA;VERIFY_NEEDED
ohrovt,škodljivec,uši,Potrebno dopolniti po IVR ali prognostičnih obvestilih.,"Redno pregledovanje, mreže, kolobar, odstranjevanje močno poškodovanih delov; ukrepe preveri pri IVR.",od setve do obiranja; pogosteje v toplem delu sezone,potrebno preveriti za produkcijo,srednja,IVR;GOV_PROGNOZA;VERIFY_NEEDED
kolerabica,bolezen/fiziološka težava,golšavost,Potrebno dopolniti po IVR ali drugem strokovnem viru.,"Kolobar, zračnost, pravilno zalivanje, zdrave sadike/seme; prilagodi posamezni težavi.","vegetacija; bolj izrazito ob vlagi, vročini ali stresu, odvisno od težave",potrebno preveriti za produkcijo,srednja,IVR;MKGP_IPZ;VERIFY_NEEDED
kolerabica,bolezen/fiziološka težava,peronospora,Potrebno dopolniti po IVR ali drugem strokovnem viru.,"Kolobar, zračnost, pravilno zalivanje, zdrave sadike/seme; prilagodi posamezni težavi.","vegetacija; bolj izrazito ob vlagi, vročini ali stresu, odvisno od težave",potrebno preveriti za produkcijo,srednja,IVR;MKGP_IPZ;VERIFY_NEEDED
kolerabica,škodljivec,bolhači,Potrebno dopolniti po IVR ali prognostičnih obvestilih.,"Redno pregledovanje, mreže, kolobar, odstranjevanje močno poškodovanih delov; ukrepe preveri pri IVR.",od setve do obiranja; pogosteje v toplem delu sezone,potrebno preveriti za produkcijo,srednja,IVR;GOV_PROGNOZA;VERIFY_NEEDED
kolerabica,škodljivec,kapusov belin,Potrebno dopolniti po IVR ali prognostičnih obvestilih.,"Redno pregledovanje, mreže, kolobar, odstranjevanje močno poškodovanih delov; ukrepe preveri pri IVR.",od setve do obiranja; pogosteje v toplem delu sezone,potrebno preveriti za produkcijo,srednja,IVR;GOV_PROGNOZA;VERIFY_NEEDED
kolerabica,škodljivec,uši,Potrebno dopolniti po IVR ali prognostičnih obvestilih.,"Redno pregledovanje, mreže, kolobar, odstranjevanje močno poškodovanih delov; ukrepe preveri pri IVR.",od setve do obiranja; pogosteje v toplem delu sezone,potrebno preveriti za produkcijo,srednja,IVR;GOV_PROGNOZA;VERIFY_NEEDED
brsticni_ohrovt,bolezen/fiziološka težava,golšavost,Potrebno dopolniti po IVR ali drugem strokovnem viru.,"Kolobar, zračnost, pravilno zalivanje, zdrave sadike/seme; prilagodi posamezni težavi.","vegetacija; bolj izrazito ob vlagi, vročini ali stresu, odvisno od težave",potrebno preveriti za produkcijo,srednja,IVR;MKGP_IPZ;VERIFY_NEEDED
brsticni_ohrovt,bolezen/fiziološka težava,peronospora,Potrebno dopolniti po IVR ali drugem strokovnem viru.,"Kolobar, zračnost, pravilno zalivanje, zdrave sadike/seme; prilagodi posamezni težavi.","vegetacija; bolj izrazito ob vlagi, vročini ali stresu, odvisno od težave",potrebno preveriti za produkcijo,srednja,IVR;MKGP_IPZ;VERIFY_NEEDED
brsticni_ohrovt,škodljivec,kapusov belin,Potrebno dopolniti po IVR ali prognostičnih obvestilih.,"Redno pregledovanje, mreže, kolobar, odstranjevanje močno poškodovanih delov; ukrepe preveri pri IVR.",od setve do obiranja; pogosteje v toplem delu sezone,potrebno preveriti za produkcijo,srednja,IVR;GOV_PROGNOZA;VERIFY_NEEDED
brsticni_ohrovt,škodljivec,listne uši,Potrebno dopolniti po IVR ali prognostičnih obvestilih.,"Redno pregledovanje, mreže, kolobar, odstranjevanje močno poškodovanih delov; ukrepe preveri pri IVR.",od setve do obiranja; pogosteje v toplem delu sezone,potrebno preveriti za produkcijo,srednja,IVR;GOV_PROGNOZA;VERIFY_NEEDED
brsticni_ohrovt,škodljivec,bolhači,Potrebno dopolniti po IVR ali prognostičnih obvestilih.,"Redno pregledovanje, mreže, kolobar, odstranjevanje močno poškodovanih delov; ukrepe preveri pri IVR.",od setve do obiranja; pogosteje v toplem delu sezone,potrebno preveriti za produkcijo,srednja,IVR;GOV_PROGNOZA;VERIFY_NEEDED
cebula,bolezen/fiziološka težava,čebulna plesen,Potrebno dopolniti po IVR ali drugem strokovnem viru.,"Kolobar, zračnost, pravilno zalivanje, zdrave sadike/seme; prilagodi posamezni težavi.","vegetacija; bolj izrazito ob vlagi, vročini ali stresu, odvisno od težave",potrebno preveriti za produkcijo,srednja,IVR;MKGP_IPZ;VERIFY_NEEDED
cebula,bolezen/fiziološka težava,bela gniloba,Potrebno dopolniti po IVR ali drugem strokovnem viru.,"Kolobar, zračnost, pravilno zalivanje, zdrave sadike/seme; prilagodi posamezni težavi.","vegetacija; bolj izrazito ob vlagi, vročini ali stresu, odvisno od težave",potrebno preveriti za produkcijo,srednja,IVR;MKGP_IPZ;VERIFY_NEEDED
cebula,škodljivec,čebulna muha,Potrebno dopolniti po IVR ali prognostičnih obvestilih.,"Redno pregledovanje, mreže, kolobar, odstranjevanje močno poškodovanih delov; ukrepe preveri pri IVR.",od setve do obiranja; pogosteje v toplem delu sezone,potrebno preveriti za produkcijo,srednja,IVR;GOV_PROGNOZA;VERIFY_NEEDED
cebula,škodljivec,tripsi,Potrebno dopolniti po IVR ali prognostičnih obvestilih.,"Redno pregledovanje, mreže, kolobar, odstranjevanje močno poškodovanih delov; ukrepe preveri pri IVR.",od setve do obiranja; pogosteje v toplem delu sezone,potrebno preveriti za produkcijo,srednja,IVR;GOV_PROGNOZA;VERIFY_NEEDED
cesen,bolezen/fiziološka težava,bela gniloba,Potrebno dopolniti po IVR ali drugem strokovnem viru.,"Kolobar, zračnost, pravilno zalivanje, zdrave sadike/seme; prilagodi posamezni težavi.","vegetacija; bolj izrazito ob vlagi, vročini ali stresu, odvisno od težave",potrebno preveriti za produkcijo,srednja,IVR;MKGP_IPZ;VERIFY_NEEDED
cesen,bolezen/fiziološka težava,rja,Potrebno dopolniti po IVR ali drugem strokovnem viru.,"Kolobar, zračnost, pravilno zalivanje, zdrave sadike/seme; prilagodi posamezni težavi.","vegetacija; bolj izrazito ob vlagi, vročini ali stresu, odvisno od težave",potrebno preveriti za produkcijo,srednja,IVR;MKGP_IPZ;VERIFY_NEEDED
cesen,škodljivec,česnova muha,Potrebno dopolniti po IVR ali prognostičnih obvestilih.,"Redno pregledovanje, mreže, kolobar, odstranjevanje močno poškodovanih delov; ukrepe preveri pri IVR.",od setve do obiranja; pogosteje v toplem delu sezone,potrebno preveriti za produkcijo,srednja,IVR;GOV_PROGNOZA;VERIFY_NEEDED
cesen,škodljivec,tripsi,Potrebno dopolniti po IVR ali prognostičnih obvestilih.,"Redno pregledovanje, mreže, kolobar, odstranjevanje močno poškodovanih delov; ukrepe preveri pri IVR.",od setve do obiranja; pogosteje v toplem delu sezone,potrebno preveriti za produkcijo,srednja,IVR;GOV_PROGNOZA;VERIFY_NEEDED
por,bolezen/fiziološka težava,porova rja,Potrebno dopolniti po IVR ali drugem strokovnem viru.,"Kolobar, zračnost, pravilno zalivanje, zdrave sadike/seme; prilagodi posamezni težavi.","vegetacija; bolj izrazito ob vlagi, vročini ali stresu, odvisno od težave",potrebno preveriti za produkcijo,srednja,IVR;MKGP_IPZ;VERIFY_NEEDED
por,bolezen/fiziološka težava,čebulna plesen,Potrebno dopolniti po IVR ali drugem strokovnem viru.,"Kolobar, zračnost, pravilno zalivanje, zdrave sadike/seme; prilagodi posamezni težavi.","vegetacija; bolj izrazito ob vlagi, vročini ali stresu, odvisno od težave",potrebno preveriti za produkcijo,srednja,IVR;MKGP_IPZ;VERIFY_NEEDED
por,škodljivec,porova zavrtalka,Potrebno dopolniti po IVR ali prognostičnih obvestilih.,"Redno pregledovanje, mreže, kolobar, odstranjevanje močno poškodovanih delov; ukrepe preveri pri IVR.",od setve do obiranja; pogosteje v toplem delu sezone,potrebno preveriti za produkcijo,srednja,IVR;GOV_PROGNOZA;VERIFY_NEEDED
por,škodljivec,tripsi,Potrebno dopolniti po IVR ali prognostičnih obvestilih.,"Redno pregledovanje, mreže, kolobar, odstranjevanje močno poškodovanih delov; ukrepe preveri pri IVR.",od setve do obiranja; pogosteje v toplem delu sezone,potrebno preveriti za produkcijo,srednja,IVR;GOV_PROGNOZA;VERIFY_NEEDED
salotka,bolezen/fiziološka težava,bela gniloba,Potrebno dopolniti po IVR ali drugem strokovnem viru.,"Kolobar, zračnost, pravilno zalivanje, zdrave sadike/seme; prilagodi posamezni težavi.","vegetacija; bolj izrazito ob vlagi, vročini ali stresu, odvisno od težave",potrebno preveriti za produkcijo,srednja,IVR;MKGP_IPZ;VERIFY_NEEDED
salotka,bolezen/fiziološka težava,čebulna plesen,Potrebno dopolniti po IVR ali drugem strokovnem viru.,"Kolobar, zračnost, pravilno zalivanje, zdrave sadike/seme; prilagodi posamezni težavi.","vegetacija; bolj izrazito ob vlagi, vročini ali stresu, odvisno od težave",potrebno preveriti za produkcijo,srednja,IVR;MKGP_IPZ;VERIFY_NEEDED
salotka,škodljivec,čebulna muha,Potrebno dopolniti po IVR ali prognostičnih obvestilih.,"Redno pregledovanje, mreže, kolobar, odstranjevanje močno poškodovanih delov; ukrepe preveri pri IVR.",od setve do obiranja; pogosteje v toplem delu sezone,potrebno preveriti za produkcijo,srednja,IVR;GOV_PROGNOZA;VERIFY_NEEDED
salotka,škodljivec,tripsi,Potrebno dopolniti po IVR ali prognostičnih obvestilih.,"Redno pregledovanje, mreže, kolobar, odstranjevanje močno poškodovanih delov; ukrepe preveri pri IVR.",od setve do obiranja; pogosteje v toplem delu sezone,potrebno preveriti za produkcijo,srednja,IVR;GOV_PROGNOZA;VERIFY_NEEDED
bazilika,bolezen/fiziološka težava,siva plesen,Potrebno dopolniti po IVR ali drugem strokovnem viru.,"Kolobar, zračnost, pravilno zalivanje, zdrave sadike/seme; prilagodi posamezni težavi.","vegetacija; bolj izrazito ob vlagi, vročini ali stresu, odvisno od težave",potrebno preveriti za produkcijo,srednja,IVR;MKGP_IPZ;VERIFY_NEEDED
bazilika,bolezen/fiziološka težava,peronospora bazilike,Potrebno dopolniti po IVR ali drugem strokovnem viru.,"Kolobar, zračnost, pravilno zalivanje, zdrave sadike/seme; prilagodi posamezni težavi.","vegetacija; bolj izrazito ob vlagi, vročini ali stresu, odvisno od težave",potrebno preveriti za produkcijo,srednja,IVR;MKGP_IPZ;VERIFY_NEEDED
bazilika,škodljivec,uši,Potrebno dopolniti po IVR ali prognostičnih obvestilih.,"Redno pregledovanje, mreže, kolobar, odstranjevanje močno poškodovanih delov; ukrepe preveri pri IVR.",od setve do obiranja; pogosteje v toplem delu sezone,potrebno preveriti za produkcijo,srednja,IVR;GOV_PROGNOZA;VERIFY_NEEDED
bazilika,škodljivec,polži,Potrebno dopolniti po IVR ali prognostičnih obvestilih.,"Redno pregledovanje, mreže, kolobar, odstranjevanje močno poškodovanih delov; ukrepe preveri pri IVR.",od setve do obiranja; pogosteje v toplem delu sezone,potrebno preveriti za produkcijo,srednja,IVR;GOV_PROGNOZA;VERIFY_NEEDED
petersilj_list,bolezen/fiziološka težava,listne pegavosti,Potrebno dopolniti po IVR ali drugem strokovnem viru.,"Kolobar, zračnost, pravilno zalivanje, zdrave sadike/seme; prilagodi posamezni težavi.","vegetacija; bolj izrazito ob vlagi, vročini ali stresu, odvisno od težave",potrebno preveriti za produkcijo,srednja,IVR;MKGP_IPZ;VERIFY_NEEDED
petersilj_list,bolezen/fiziološka težava,pepelasta plesen,Potrebno dopolniti po IVR ali drugem strokovnem viru.,"Kolobar, zračnost, pravilno zalivanje, zdrave sadike/seme; prilagodi posamezni težavi.","vegetacija; bolj izrazito ob vlagi, vročini ali stresu, odvisno od težave",potrebno preveriti za produkcijo,srednja,IVR;MKGP_IPZ;VERIFY_NEEDED
petersilj_list,škodljivec,listne uši,Potrebno dopolniti po IVR ali prognostičnih obvestilih.,"Redno pregledovanje, mreže, kolobar, odstranjevanje močno poškodovanih delov; ukrepe preveri pri IVR.",od setve do obiranja; pogosteje v toplem delu sezone,potrebno preveriti za produkcijo,srednja,IVR;GOV_PROGNOZA;VERIFY_NEEDED
petersilj_list,škodljivec,korenjeva muha,Potrebno dopolniti po IVR ali prognostičnih obvestilih.,"Redno pregledovanje, mreže, kolobar, odstranjevanje močno poškodovanih delov; ukrepe preveri pri IVR.",od setve do obiranja; pogosteje v toplem delu sezone,potrebno preveriti za produkcijo,srednja,IVR;GOV_PROGNOZA;VERIFY_NEEDED
drobnjak,bolezen/fiziološka težava,rja,Potrebno dopolniti po IVR ali drugem strokovnem viru.,"Kolobar, zračnost, pravilno zalivanje, zdrave sadike/seme; prilagodi posamezni težavi.","vegetacija; bolj izrazito ob vlagi, vročini ali stresu, odvisno od težave",potrebno preveriti za produkcijo,srednja,IVR;MKGP_IPZ;VERIFY_NEEDED
drobnjak,bolezen/fiziološka težava,plesni,Potrebno dopolniti po IVR ali drugem strokovnem viru.,"Kolobar, zračnost, pravilno zalivanje, zdrave sadike/seme; prilagodi posamezni težavi.","vegetacija; bolj izrazito ob vlagi, vročini ali stresu, odvisno od težave",potrebno preveriti za produkcijo,srednja,IVR;MKGP_IPZ;VERIFY_NEEDED
drobnjak,škodljivec,tripsi,Potrebno dopolniti po IVR ali prognostičnih obvestilih.,"Redno pregledovanje, mreže, kolobar, odstranjevanje močno poškodovanih delov; ukrepe preveri pri IVR.",od setve do obiranja; pogosteje v toplem delu sezone,potrebno preveriti za produkcijo,srednja,IVR;GOV_PROGNOZA;VERIFY_NEEDED
drobnjak,škodljivec,uši,Potrebno dopolniti po IVR ali prognostičnih obvestilih.,"Redno pregledovanje, mreže, kolobar, odstranjevanje močno poškodovanih delov; ukrepe preveri pri IVR.",od setve do obiranja; pogosteje v toplem delu sezone,potrebno preveriti za produkcijo,srednja,IVR;GOV_PROGNOZA;VERIFY_NEEDED
meta,bolezen/fiziološka težava,rja mete,Potrebno dopolniti po IVR ali drugem strokovnem viru.,"Kolobar, zračnost, pravilno zalivanje, zdrave sadike/seme; prilagodi posamezni težavi.","vegetacija; bolj izrazito ob vlagi, vročini ali stresu, odvisno od težave",potrebno preveriti za produkcijo,srednja,IVR;MKGP_IPZ;VERIFY_NEEDED
meta,bolezen/fiziološka težava,listne pegavosti,Potrebno dopolniti po IVR ali drugem strokovnem viru.,"Kolobar, zračnost, pravilno zalivanje, zdrave sadike/seme; prilagodi posamezni težavi.","vegetacija; bolj izrazito ob vlagi, vročini ali stresu, odvisno od težave",potrebno preveriti za produkcijo,srednja,IVR;MKGP_IPZ;VERIFY_NEEDED
meta,škodljivec,uši,Potrebno dopolniti po IVR ali prognostičnih obvestilih.,"Redno pregledovanje, mreže, kolobar, odstranjevanje močno poškodovanih delov; ukrepe preveri pri IVR.",od setve do obiranja; pogosteje v toplem delu sezone,potrebno preveriti za produkcijo,srednja,IVR;GOV_PROGNOZA;VERIFY_NEEDED
meta,škodljivec,pršice,Potrebno dopolniti po IVR ali prognostičnih obvestilih.,"Redno pregledovanje, mreže, kolobar, odstranjevanje močno poškodovanih delov; ukrepe preveri pri IVR.",od setve do obiranja; pogosteje v toplem delu sezone,potrebno preveriti za produkcijo,srednja,IVR;GOV_PROGNOZA;VERIFY_NEEDED
timijan,bolezen/fiziološka težava,gnitje korenin v mokrih tleh,Potrebno dopolniti po IVR ali drugem strokovnem viru.,"Kolobar, zračnost, pravilno zalivanje, zdrave sadike/seme; prilagodi posamezni težavi.","vegetacija; bolj izrazito ob vlagi, vročini ali stresu, odvisno od težave",potrebno preveriti za produkcijo,srednja,IVR;MKGP_IPZ;VERIFY_NEEDED
timijan,škodljivec,redko; uši,Potrebno dopolniti po IVR ali prognostičnih obvestilih.,"Redno pregledovanje, mreže, kolobar, odstranjevanje močno poškodovanih delov; ukrepe preveri pri IVR.",od setve do obiranja; pogosteje v toplem delu sezone,potrebno preveriti za produkcijo,srednja,IVR;GOV_PROGNOZA;VERIFY_NEEDED
rozmarin,bolezen/fiziološka težava,gnitje korenin,Potrebno dopolniti po IVR ali drugem strokovnem viru.,"Kolobar, zračnost, pravilno zalivanje, zdrave sadike/seme; prilagodi posamezni težavi.","vegetacija; bolj izrazito ob vlagi, vročini ali stresu, odvisno od težave",potrebno preveriti za produkcijo,srednja,IVR;MKGP_IPZ;VERIFY_NEEDED
rozmarin,bolezen/fiziološka težava,plesni v vlagi,Potrebno dopolniti po IVR ali drugem strokovnem viru.,"Kolobar, zračnost, pravilno zalivanje, zdrave sadike/seme; prilagodi posamezni težavi.","vegetacija; bolj izrazito ob vlagi, vročini ali stresu, odvisno od težave",potrebno preveriti za produkcijo,srednja,IVR;MKGP_IPZ;VERIFY_NEEDED
rozmarin,škodljivec,kaparji,Potrebno dopolniti po IVR ali prognostičnih obvestilih.,"Redno pregledovanje, mreže, kolobar, odstranjevanje močno poškodovanih delov; ukrepe preveri pri IVR.",od setve do obiranja; pogosteje v toplem delu sezone,potrebno preveriti za produkcijo,srednja,IVR;GOV_PROGNOZA;VERIFY_NEEDED
rozmarin,škodljivec,uši,Potrebno dopolniti po IVR ali prognostičnih obvestilih.,"Redno pregledovanje, mreže, kolobar, odstranjevanje močno poškodovanih delov; ukrepe preveri pri IVR.",od setve do obiranja; pogosteje v toplem delu sezone,potrebno preveriti za produkcijo,srednja,IVR;GOV_PROGNOZA;VERIFY_NEEDED
origano,bolezen/fiziološka težava,gnitje korenin v vlagi,Potrebno dopolniti po IVR ali drugem strokovnem viru.,"Kolobar, zračnost, pravilno zalivanje, zdrave sadike/seme; prilagodi posamezni težavi.","vegetacija; bolj izrazito ob vlagi, vročini ali stresu, odvisno od težave",potrebno preveriti za produkcijo,srednja,IVR;MKGP_IPZ;VERIFY_NEEDED
origano,škodljivec,uši,Potrebno dopolniti po IVR ali prognostičnih obvestilih.,"Redno pregledovanje, mreže, kolobar, odstranjevanje močno poškodovanih delov; ukrepe preveri pri IVR.",od setve do obiranja; pogosteje v toplem delu sezone,potrebno preveriti za produkcijo,srednja,IVR;GOV_PROGNOZA;VERIFY_NEEDED
origano,škodljivec,pršice,Potrebno dopolniti po IVR ali prognostičnih obvestilih.,"Redno pregledovanje, mreže, kolobar, odstranjevanje močno poškodovanih delov; ukrepe preveri pri IVR.",od setve do obiranja; pogosteje v toplem delu sezone,potrebno preveriti za produkcijo,srednja,IVR;GOV_PROGNOZA;VERIFY_NEEDED
koper,bolezen/fiziološka težava,pepelasta plesen,Potrebno dopolniti po IVR ali drugem strokovnem viru.,"Kolobar, zračnost, pravilno zalivanje, zdrave sadike/seme; prilagodi posamezni težavi.","vegetacija; bolj izrazito ob vlagi, vročini ali stresu, odvisno od težave",potrebno preveriti za produkcijo,srednja,IVR;MKGP_IPZ;VERIFY_NEEDED
koper,škodljivec,uši,Potrebno dopolniti po IVR ali prognostičnih obvestilih.,"Redno pregledovanje, mreže, kolobar, odstranjevanje močno poškodovanih delov; ukrepe preveri pri IVR.",od setve do obiranja; pogosteje v toplem delu sezone,potrebno preveriti za produkcijo,srednja,IVR;GOV_PROGNOZA;VERIFY_NEEDED
jagode,bolezen/fiziološka težava,siva plesen,Potrebno dopolniti po IVR ali drugem strokovnem viru.,"Kolobar, zračnost, pravilno zalivanje, zdrave sadike/seme; prilagodi posamezni težavi.","vegetacija; bolj izrazito ob vlagi, vročini ali stresu, odvisno od težave",potrebno preveriti za produkcijo,srednja,IVR;MKGP_IPZ;VERIFY_NEEDED
jagode,bolezen/fiziološka težava,pepelasta plesen,Potrebno dopolniti po IVR ali drugem strokovnem viru.,"Kolobar, zračnost, pravilno zalivanje, zdrave sadike/seme; prilagodi posamezni težavi.","vegetacija; bolj izrazito ob vlagi, vročini ali stresu, odvisno od težave",potrebno preveriti za produkcijo,srednja,IVR;MKGP_IPZ;VERIFY_NEEDED
jagode,bolezen/fiziološka težava,listne pegavosti,Potrebno dopolniti po IVR ali drugem strokovnem viru.,"Kolobar, zračnost, pravilno zalivanje, zdrave sadike/seme; prilagodi posamezni težavi.","vegetacija; bolj izrazito ob vlagi, vročini ali stresu, odvisno od težave",potrebno preveriti za produkcijo,srednja,IVR;MKGP_IPZ;VERIFY_NEEDED
jagode,škodljivec,polži,Potrebno dopolniti po IVR ali prognostičnih obvestilih.,"Redno pregledovanje, mreže, kolobar, odstranjevanje močno poškodovanih delov; ukrepe preveri pri IVR.",od setve do obiranja; pogosteje v toplem delu sezone,potrebno preveriti za produkcijo,srednja,IVR;GOV_PROGNOZA;VERIFY_NEEDED
jagode,škodljivec,pršice,Potrebno dopolniti po IVR ali prognostičnih obvestilih.,"Redno pregledovanje, mreže, kolobar, odstranjevanje močno poškodovanih delov; ukrepe preveri pri IVR.",od setve do obiranja; pogosteje v toplem delu sezone,potrebno preveriti za produkcijo,srednja,IVR;GOV_PROGNOZA;VERIFY_NEEDED
jagode,škodljivec,ptice,Potrebno dopolniti po IVR ali prognostičnih obvestilih.,"Redno pregledovanje, mreže, kolobar, odstranjevanje močno poškodovanih delov; ukrepe preveri pri IVR.",od setve do obiranja; pogosteje v toplem delu sezone,potrebno preveriti za produkcijo,srednja,IVR;GOV_PROGNOZA;VERIFY_NEEDED
maline,bolezen/fiziološka težava,siva plesen,Potrebno dopolniti po IVR ali drugem strokovnem viru.,"Kolobar, zračnost, pravilno zalivanje, zdrave sadike/seme; prilagodi posamezni težavi.","vegetacija; bolj izrazito ob vlagi, vročini ali stresu, odvisno od težave",potrebno preveriti za produkcijo,srednja,IVR;MKGP_IPZ;VERIFY_NEEDED
maline,bolezen/fiziološka težava,malinova sušica,Potrebno dopolniti po IVR ali drugem strokovnem viru.,"Kolobar, zračnost, pravilno zalivanje, zdrave sadike/seme; prilagodi posamezni težavi.","vegetacija; bolj izrazito ob vlagi, vročini ali stresu, odvisno od težave",potrebno preveriti za produkcijo,srednja,IVR;MKGP_IPZ;VERIFY_NEEDED
maline,bolezen/fiziološka težava,koreninske bolezni,Potrebno dopolniti po IVR ali drugem strokovnem viru.,"Kolobar, zračnost, pravilno zalivanje, zdrave sadike/seme; prilagodi posamezni težavi.","vegetacija; bolj izrazito ob vlagi, vročini ali stresu, odvisno od težave",potrebno preveriti za produkcijo,srednja,IVR;MKGP_IPZ;VERIFY_NEEDED
maline,škodljivec,malinov hrošč,Potrebno dopolniti po IVR ali prognostičnih obvestilih.,"Redno pregledovanje, mreže, kolobar, odstranjevanje močno poškodovanih delov; ukrepe preveri pri IVR.",od setve do obiranja; pogosteje v toplem delu sezone,potrebno preveriti za produkcijo,srednja,IVR;GOV_PROGNOZA;VERIFY_NEEDED
maline,škodljivec,listne uši,Potrebno dopolniti po IVR ali prognostičnih obvestilih.,"Redno pregledovanje, mreže, kolobar, odstranjevanje močno poškodovanih delov; ukrepe preveri pri IVR.",od setve do obiranja; pogosteje v toplem delu sezone,potrebno preveriti za produkcijo,srednja,IVR;GOV_PROGNOZA;VERIFY_NEEDED
maline,škodljivec,pršice,Potrebno dopolniti po IVR ali prognostičnih obvestilih.,"Redno pregledovanje, mreže, kolobar, odstranjevanje močno poškodovanih delov; ukrepe preveri pri IVR.",od setve do obiranja; pogosteje v toplem delu sezone,potrebno preveriti za produkcijo,srednja,IVR;GOV_PROGNOZA;VERIFY_NEEDED
borovnice,bolezen/fiziološka težava,siva plesen,Potrebno dopolniti po IVR ali drugem strokovnem viru.,"Kolobar, zračnost, pravilno zalivanje, zdrave sadike/seme; prilagodi posamezni težavi.","vegetacija; bolj izrazito ob vlagi, vročini ali stresu, odvisno od težave",potrebno preveriti za produkcijo,srednja,IVR;MKGP_IPZ;VERIFY_NEEDED
borovnice,bolezen/fiziološka težava,koreninske gnilobe,Potrebno dopolniti po IVR ali drugem strokovnem viru.,"Kolobar, zračnost, pravilno zalivanje, zdrave sadike/seme; prilagodi posamezni težavi.","vegetacija; bolj izrazito ob vlagi, vročini ali stresu, odvisno od težave",potrebno preveriti za produkcijo,srednja,IVR;MKGP_IPZ;VERIFY_NEEDED
borovnice,škodljivec,ptice,Potrebno dopolniti po IVR ali prognostičnih obvestilih.,"Redno pregledovanje, mreže, kolobar, odstranjevanje močno poškodovanih delov; ukrepe preveri pri IVR.",od setve do obiranja; pogosteje v toplem delu sezone,potrebno preveriti za produkcijo,srednja,IVR;GOV_PROGNOZA;VERIFY_NEEDED
borovnice,škodljivec,pršice,Potrebno dopolniti po IVR ali prognostičnih obvestilih.,"Redno pregledovanje, mreže, kolobar, odstranjevanje močno poškodovanih delov; ukrepe preveri pri IVR.",od setve do obiranja; pogosteje v toplem delu sezone,potrebno preveriti za produkcijo,srednja,IVR;GOV_PROGNOZA;VERIFY_NEEDED
ribez,bolezen/fiziološka težava,ameriška kosmuljeva plesen,Potrebno dopolniti po IVR ali drugem strokovnem viru.,"Kolobar, zračnost, pravilno zalivanje, zdrave sadike/seme; prilagodi posamezni težavi.","vegetacija; bolj izrazito ob vlagi, vročini ali stresu, odvisno od težave",potrebno preveriti za produkcijo,srednja,IVR;MKGP_IPZ;VERIFY_NEEDED
ribez,bolezen/fiziološka težava,listne pegavosti,Potrebno dopolniti po IVR ali drugem strokovnem viru.,"Kolobar, zračnost, pravilno zalivanje, zdrave sadike/seme; prilagodi posamezni težavi.","vegetacija; bolj izrazito ob vlagi, vročini ali stresu, odvisno od težave",potrebno preveriti za produkcijo,srednja,IVR;MKGP_IPZ;VERIFY_NEEDED
ribez,bolezen/fiziološka težava,rja,Potrebno dopolniti po IVR ali drugem strokovnem viru.,"Kolobar, zračnost, pravilno zalivanje, zdrave sadike/seme; prilagodi posamezni težavi.","vegetacija; bolj izrazito ob vlagi, vročini ali stresu, odvisno od težave",potrebno preveriti za produkcijo,srednja,IVR;MKGP_IPZ;VERIFY_NEEDED
ribez,škodljivec,listne uši,Potrebno dopolniti po IVR ali prognostičnih obvestilih.,"Redno pregledovanje, mreže, kolobar, odstranjevanje močno poškodovanih delov; ukrepe preveri pri IVR.",od setve do obiranja; pogosteje v toplem delu sezone,potrebno preveriti za produkcijo,srednja,IVR;GOV_PROGNOZA;VERIFY_NEEDED
ribez,škodljivec,ribezova steklokrilka,Potrebno dopolniti po IVR ali prognostičnih obvestilih.,"Redno pregledovanje, mreže, kolobar, odstranjevanje močno poškodovanih delov; ukrepe preveri pri IVR.",od setve do obiranja; pogosteje v toplem delu sezone,potrebno preveriti za produkcijo,srednja,IVR;GOV_PROGNOZA;VERIFY_NEEDED
ognjic,bolezen/fiziološka težava,pepelasta plesen,Potrebno dopolniti po IVR ali drugem strokovnem viru.,"Kolobar, zračnost, pravilno zalivanje, zdrave sadike/seme; prilagodi posamezni težavi.","vegetacija; bolj izrazito ob vlagi, vročini ali stresu, odvisno od težave",potrebno preveriti za produkcijo,srednja,IVR;MKGP_IPZ;VERIFY_NEEDED
ognjic,škodljivec,listne uši,Potrebno dopolniti po IVR ali prognostičnih obvestilih.,"Redno pregledovanje, mreže, kolobar, odstranjevanje močno poškodovanih delov; ukrepe preveri pri IVR.",od setve do obiranja; pogosteje v toplem delu sezone,potrebno preveriti za produkcijo,srednja,IVR;GOV_PROGNOZA;VERIFY_NEEDED
ognjic,škodljivec,polži,Potrebno dopolniti po IVR ali prognostičnih obvestilih.,"Redno pregledovanje, mreže, kolobar, odstranjevanje močno poškodovanih delov; ukrepe preveri pri IVR.",od setve do obiranja; pogosteje v toplem delu sezone,potrebno preveriti za produkcijo,srednja,IVR;GOV_PROGNOZA;VERIFY_NEEDED
kapucinka,bolezen/fiziološka težava,pepelasta plesen,Potrebno dopolniti po IVR ali drugem strokovnem viru.,"Kolobar, zračnost, pravilno zalivanje, zdrave sadike/seme; prilagodi posamezni težavi.","vegetacija; bolj izrazito ob vlagi, vročini ali stresu, odvisno od težave",potrebno preveriti za produkcijo,srednja,IVR;MKGP_IPZ;VERIFY_NEEDED
kapucinka,škodljivec,listne uši,Potrebno dopolniti po IVR ali prognostičnih obvestilih.,"Redno pregledovanje, mreže, kolobar, odstranjevanje močno poškodovanih delov; ukrepe preveri pri IVR.",od setve do obiranja; pogosteje v toplem delu sezone,potrebno preveriti za produkcijo,srednja,IVR;GOV_PROGNOZA;VERIFY_NEEDED
kapucinka,škodljivec,gosenice,Potrebno dopolniti po IVR ali prognostičnih obvestilih.,"Redno pregledovanje, mreže, kolobar, odstranjevanje močno poškodovanih delov; ukrepe preveri pri IVR.",od setve do obiranja; pogosteje v toplem delu sezone,potrebno preveriti za produkcijo,srednja,IVR;GOV_PROGNOZA;VERIFY_NEEDED
